id,IHH,IHV
1,0.13703441619873047,0.039249762892723083
2,0.0769612044095993,0.025191349908709526
3,0.031239066272974014,0.05461832880973816
4,0.16512806713581085,0.07876013964414597
5,0.6035774350166321,0.10104195773601532
6,0.19144397974014282,0.0949956402182579
7,0.3314034044742584,0.028133224695920944
8,0.5968601107597351,0.06397762894630432
9,0.14720836281776428,0.08359295129776001
10,0.2220143973827362,0.01643698662519455
11,0.3263436257839203,0.016915298998355865
12,0.05045701563358307,0.033890485763549805
13,0.19427186250686646,0.10544225573539734
14,0.13357765972614288,0.04001187905669212
15,0.18306021392345428,0.07650716602802277
16,0.19527249038219452,0.04839353263378143
17,0.2825707197189331,0.06693166494369507
18,0.2426014542579651,0.02564491331577301
19,0.07463216781616211,0.05325134098529816
20,0.062217336148023605,0.010667209513485432
21,0.3508407175540924,0.04403383657336235
22,0.13653700053691864,0.05522428825497627
23,0.06340329349040985,0.010998682118952274
24,0.10767753422260284,0.04348943755030632
25,0.15412934124469757,0.11520180851221085
26,0.14139792323112488,0.137453094124794
27,0.42863893508911133,0.04863866791129112
28,0.4216645658016205,0.1129017323255539
29,0.5804635882377625,0.07382683455944061
30,0.5978783369064331,0.06022293120622635
31,0.6209248304367065,0.16701361536979675
32,0.1392924040555954,0.09151940047740936
33,0.2153925746679306,0.11959417909383774
34,0.2876899540424347,0.13718347251415253
35,0.22657471895217896,0.1566360741853714
36,0.22381791472434998,0.05405864864587784
37,0.5059420466423035,0.056402549147605896
38,0.12634286284446716,0.05330299213528633
39,0.03581293299794197,0.03323200345039368
40,0.09272268414497375,0.0403713658452034
41,0.24909348785877228,0.10125632584095001
42,0.2842578589916229,0.04740288108587265
43,0.26302728056907654,0.05929404869675636
44,0.28216278553009033,0.11254356056451797
45,0.3314201235771179,0.10326381027698517
46,0.37124159932136536,0.09705577045679092
47,0.4805372953414917,0.15271204710006714
48,0.3389815092086792,0.1651243269443512
49,0.12334597855806351,0.10361504554748535
50,0.39642614126205444,0.0926315039396286
51,0.3196397125720978,0.06590133905410767
52,0.06883083283901215,0.10644876956939697
53,0.25591903924942017,0.1045866310596466
54,0.26406872272491455,0.22350196540355682
55,0.059974461793899536,0.12875327467918396
56,0.2730262875556946,0.12932494282722473
57,0.238493412733078,0.03365354239940643
58,0.12839490175247192,0.13276267051696777
59,0.14837069809436798,0.04802883043885231
60,0.12361001968383789,0.02050543949007988
61,0.22897236049175262,0.01724313199520111
62,0.1471024751663208,0.06555020064115524
63,0.8100600242614746,0.06383941322565079
64,0.26231539249420166,0.06173655018210411
65,0.06224599480628967,0.050922684371471405
66,0.23630474507808685,0.06125394627451897
67,0.1569153517484665,0.07889185845851898
68,0.14117610454559326,0.03881889954209328
69,0.10219608247280121,0.08426185697317123
70,0.16914477944374084,0.11248940974473953
71,0.20423062145709991,0.08410093933343887
72,0.26945966482162476,0.06532473117113113
73,0.43365478515625,0.12124605476856232
74,0.22239279747009277,0.14915183186531067
75,0.24484393000602722,0.08466275036334991
76,0.49850061535835266,0.061708372086286545
77,0.1307460516691208,0.06209810823202133
78,0.18622487783432007,0.05493289977312088
79,0.1749403476715088,0.02887439727783203
80,0.18943721055984497,0.04078122228384018
81,0.035144027322530746,0.016055496409535408
82,0.1593405157327652,0.020947346463799477
83,0.17883844673633575,0.0571523979306221
84,0.2697924077510834,0.046718716621398926
85,0.11286504566669464,0.09849613159894943
86,0.21929839253425598,0.05052218958735466
87,0.42431390285491943,0.08195705711841583
88,0.2524782121181488,0.07621109485626221
89,0.04087943583726883,0.05263669043779373
90,0.1191861629486084,0.04090545326471329
91,0.26416999101638794,0.06276315450668335
92,0.2538818120956421,0.11340678483247757
93,0.7401266098022461,0.05167770013213158
94,0.38263416290283203,0.04481818526983261
95,0.20099900662899017,0.10558289289474487
96,0.24966610968112946,0.053762249648571014
97,0.2589184045791626,0.10116834193468094
98,0.10487041622400284,0.009348176419734955
99,0.06757528334856033,0.0347733348608017
100,0.20506533980369568,0.0513109490275383
101,0.10753075778484344,0.030572697520256042
102,0.11174512654542923,0.06668731570243835
103,0.45810753107070923,0.04838026314973831
104,0.39808714389801025,0.04815402626991272
105,0.3648967146873474,0.03479310870170593
106,0.3880334198474884,0.10617025196552277
107,0.3044523596763611,0.05871337652206421
108,0.12338491529226303,0.03360467404127121
109,0.16169098019599915,0.16527947783470154
110,0.039202697575092316,0.08610743284225464
111,0.39517101645469666,0.10490499436855316
112,0.24036851525306702,0.07280910015106201
113,0.208641916513443,0.08070194721221924
114,0.17250849306583405,0.10434141010046005
115,0.28542977571487427,0.06802254915237427
116,0.1199217215180397,0.1922801434993744
117,0.07145187258720398,0.15848088264465332
118,0.294979453086853,0.09034430980682373
119,0.1654510796070099,0.12480271607637405
120,0.06263461709022522,0.018786396831274033
121,0.3947857916355133,0.05200285464525223
122,0.36246439814567566,0.03176070377230644
123,0.2709631621837616,0.03626519441604614
124,0.1950448751449585,0.06112074479460716
125,0.35555240511894226,0.03894951194524765
126,0.1632656306028366,0.04900883138179779
127,0.32596027851104736,0.08724074810743332
128,0.2733227014541626,0.075655996799469
129,0.22954046726226807,0.052247434854507446
130,0.11487323045730591,0.03927883878350258
131,0.4887612462043762,0.05633007362484932
132,0.2320559173822403,0.058778271079063416
133,0.3050166964530945,0.08794673532247543
134,0.15511441230773926,0.036021724343299866
135,0.14999768137931824,0.11904969811439514
136,0.26902368664741516,0.04262571781873703
137,0.19376851618289948,0.054992496967315674
138,0.13000869750976562,0.16368423402309418
139,0.13033267855644226,0.11698667705059052
140,0.2663481533527374,0.05050427094101906
141,0.39800986647605896,0.057422783225774765
142,0.09961335361003876,0.031580276787281036
143,0.18085527420043945,0.0441531203687191
144,0.16529974341392517,0.055930931121110916
145,0.36345571279525757,0.07951118797063828
146,0.3323533833026886,0.06744293868541718
147,0.2239183783531189,0.046511925756931305
148,0.3929706811904907,0.062183067202568054
149,0.31011074781417847,0.05162813887000084
150,0.10024888813495636,0.11632372438907623
151,0.35272377729415894,0.10101908445358276
152,0.1266915649175644,0.07726353406906128
153,0.1786869466304779,0.016072195023298264
154,0.18266339600086212,0.05811704695224762
155,0.18673843145370483,0.14383819699287415
156,0.15756605565547943,0.054144084453582764
157,0.23259717226028442,0.043027956038713455
158,0.15004366636276245,0.09990110993385315
159,0.08248753845691681,0.02544359117746353
160,0.22716999053955078,0.022003646939992905
161,0.08832603693008423,0.028645137324929237
162,0.2917933166027069,0.04903046786785126
163,0.2287808358669281,0.07059141248464584
164,0.2972288131713867,0.0391426682472229
165,0.1475314050912857,0.08610521256923676
166,0.17902880907058716,0.08892332017421722
167,0.2698335647583008,0.06056930869817734
168,0.35582226514816284,0.15256759524345398
169,0.14252875745296478,0.035766348242759705
170,0.3866153955459595,0.0385834202170372
171,0.24663639068603516,0.01963876560330391
172,0.11187554895877838,0.03760891407728195
173,0.282697856426239,0.022768788039684296
174,0.32773247361183167,0.08550328761339188
175,0.31548380851745605,0.06245976686477661
176,0.25448471307754517,0.036980438977479935
177,0.0469529926776886,0.05348660424351692
178,0.1540776640176773,0.03859260305762291
179,0.2756049633026123,0.019999980926513672
180,0.28343215584754944,0.027406863868236542
181,0.37432971596717834,0.030473627150058746
182,0.07267845422029495,0.16075588762760162
183,0.2726433575153351,0.103657566010952
184,0.09158999472856522,0.10210669040679932
185,0.15837430953979492,0.05934618413448334
186,0.1785522699356079,0.03307168185710907
187,0.4407002925872803,0.176334410905838
188,0.2557952404022217,0.07254934310913086
189,0.22441361844539642,0.032065074890851974
190,0.4090102016925812,0.13238418102264404
191,0.6019071340560913,0.08162251114845276
192,0.1633048802614212,0.07198753952980042
193,0.3977888226509094,0.0553508959710598
194,0.8576272130012512,0.07531096786260605
195,0.42477115988731384,0.06590654700994492
196,0.24933955073356628,0.048989079892635345
197,0.5067790150642395,0.07325474917888641
198,0.10275530070066452,0.01987467333674431
199,0.18442878127098083,0.03276434168219566
200,0.24395042657852173,0.03304904326796532
