sample_id,n_pixels,mean_C11,sample_variance_C11,ENL_C11,mean_C22,sample_variance_C22,ENL_C22
sample_01,295,0.020963290340851173,0.00013075332149071908,3.360981861910231,0.005815586343336598,9.162310043743617e-06,3.6913228602100707
sample_02,311,0.01817390984493245,9.796500303109031e-05,3.3715203269774916,0.005940984127709157,1.138348401563948e-05,3.100570296158964
sample_03,301,0.015099308553284832,6.629068979342426e-05,3.439232862077051,0.005411374950827876,8.385264549054011e-06,3.492194991242223
sample_04,293,0.012289117579904635,4.363772577462976e-05,3.4608222177454318,0.0034731277524900493,3.5248264345520953e-06,3.4221873357714405
sample_05,299,0.009450041232661759,2.5595436173184767e-05,3.4890313528849557,0.004634202116213421,6.244419236633364e-06,3.439203621679876
sample_06,302,0.010500369807828636,2.84447222261013e-05,3.8762117353350365,0.004753743862021646,5.7929613323659845e-06,3.900954867323252
sample_07,296,0.024897406719360703,0.0002219623206800375,2.792730132979806,0.004398389705661307,4.755138330754887e-06,4.068405723918483
sample_08,297,0.015727389957802842,7.481531757629975e-05,3.3061517734324806,0.003442290147706891,3.1307503564421458e-06,3.7848311465069377
sample_09,299,0.01670015821261425,8.36992998587566e-05,3.3321101227487655,0.005142054886924707,9.015496605903275e-06,2.932808875201959
sample_10,302,0.013210316890980185,6.600221867581142e-05,2.6440394862676326,0.004731821680143907,6.435353945612186e-06,3.4792393086546802
sample_11,302,0.008544662306609484,1.753927712672204e-05,4.162728794720753,0.004831075868785184,6.071858500677863e-06,3.8438468299867203
sample_12,297,0.01560962298627855,6.435142811823529e-05,3.786401279643234,0.004639832871089617,6.355243506846363e-06,3.3874467671383526
sample_13,302,0.009207316501981993,1.909797414682161e-05,4.438935591594074,0.00409034057549241,4.96463531665778e-06,3.370013093888819
sample_14,304,0.021935008256389808,0.00014593721373598793,3.2969286920765666,0.004541234328874117,6.3573485014193175e-06,3.243932470453772
sample_15,295,0.018749553324275855,0.00010183915676499348,3.451970352338043,0.006046164666610312,9.820625232629212e-06,3.7223808372514435
sample_16,296,0.021315070623500475,0.00015144983664195968,2.9998859408405507,0.00615957014343695,1.1209743737735671e-05,3.3845826666135457
sample_17,298,0.018749040818691953,0.00010280462162300112,3.41936506424851,0.006394908903127586,1.4620097115110667e-05,2.7971674577341488
sample_18,300,0.016326404724580548,8.07202736155153e-05,3.302162880423785,0.005110242678395783,7.77665081014989e-06,3.3580754581411334
sample_19,303,0.010809510769153463,3.159044739495905e-05,3.698761261832903,0.005688798499544129,9.042107554722592e-06,3.5790802279843486
sample_20,302,0.014759126219926217,6.686435007025658e-05,3.257816856767926,0.005740735568460817,8.749151664429656e-06,3.7667703259707404
sample_21,316,0.012927986176749338,4.1120918758830983e-05,4.064423452365814,0.005277946835996796,8.166201539104856e-06,3.411221566136135
sample_22,299,0.01670015821261425,8.36992998587566e-05,3.3321101227487655,0.005142054886924707,9.015496605903275e-06,2.932808875201959
sample_23,309,0.020437340303339234,0.0001133935880281104,3.6834964475323737,0.005169881984152949,6.587538688128845e-06,4.057308957932068
sample_24,304,0.02147541829311338,0.0001344049040327974,3.4313747268600308,0.005672577659041915,8.85338779385534e-06,3.634556403391091
sample_25,297,0.021092585110425423,0.00012614548824191457,3.526857383811794,0.006170482805209636,1.3910522342042028e-05,2.737126407849792
sample_26,301,0.02020635409474039,0.00011254064174650131,3.6279937582169057,0.006467336994917612,1.0337867884830266e-05,4.045945283089357
sample_27,308,0.021073233071629973,0.0001861889153361389,2.385110581312055,0.006951181358066629,1.3741834460624968e-05,3.5161915544233326
sample_28,301,0.014476671516338357,7.375927212350758e-05,2.841324380764458,0.00592088614736662,7.765344758427689e-06,4.514531403390799
sample_29,294,0.015066201861181176,7.100461581798959e-05,3.196840598415706,0.006521390946811622,1.2581168819122083e-05,3.380332979597061
sample_30,301,0.011236534986112798,3.6875516979984384e-05,3.4239443629405737,0.004882245136489102,6.644354215496278e-06,3.5874543709875213
sample_31,311,0.015443367168600775,6.524939968250883e-05,3.655169099864523,0.005226251137498287,8.610739617394482e-06,3.172050505049063
sample_32,315,0.011707890408468388,3.742774657739979e-05,3.662381798306732,0.005104039632345713,8.406330807548635e-06,3.0990001660608613
sample_33,307,0.011493613021235902,3.791246901546949e-05,3.4844246157648344,0.004797537766354529,7.058397628788725e-06,3.260848967437356
sample_34,301,0.02171020082544622,0.00016757697250356946,2.8126347721860543,0.00581557578113289,1.0164686448270692e-05,3.3272961087602795
sample_35,301,0.020373012137249655,0.00014221155191520082,2.918606948273916,0.004517620295190262,6.409665069250165e-06,3.1840810574369818
sample_36,315,0.011367885070475972,4.529219510715683e-05,2.8532247260219554,0.004915249026713094,7.97809662679306e-06,3.028250236211471
sample_37,301,0.014116331594578452,5.975057162560982e-05,3.3350445404389055,0.005257218831529736,1.0229337983015869e-05,2.701870823750257
sample_38,315,0.013094344522271838,4.7469192064647656e-05,3.612066079288623,0.004932466325616198,7.742483311756735e-06,3.142302420774293
sample_39,299,0.017988931342498415,9.652581707079525e-05,3.3524880769233123,0.00614476411091008,9.042005096431812e-06,4.175857630696182
sample_40,301,0.01631162892655776,8.735561019124011e-05,3.0458174083522898,0.005150561684961477,7.968590363242488e-06,3.3291064619111155
